Index,SPY,SPY,SPY,SPY,SPY,SPY,SPY,SPY,SPY,SPY,SPY
Beta_Info,Beta,Corr,Stock_Cutoff,Index_Cutoff,Percentile_Cutoff,Index_Beta_to_SPY,Beta_to_SPY,Return,Index_Return,Idio_Return,Percent_Days
Stock,,,,,,,,,,,
ABBV,1.0708824898152391,0.9106427060414827,0.03382463932510246,0.006912319662551233,0.85,1.0,1.0708824898152391,0.6743812279009966,0.2993375589763141,0.26793718061736604,0.15333333333333332
ABC,1.0974488552327233,0.8648059695867577,0.03382463932510246,0.006912319662551233,0.85,1.0,1.0974488552327233,0.05079825834542806,0.2993375589763141,-0.2090386161439577,0.15555555555555556
ABT,1.0224044584069125,0.942897430257633,0.03382463932510246,0.006912319662551233,0.85,1.0,1.0224044584069125,0.42299651567944263,0.2993375589763141,0.0895471024715273,0.16444444444444445
AET,0.4899865695270238,0.7651171928303778,0.03382463932510246,0.006912319662551233,0.85,1.0,0.4899865695270238,0.546984323797715,0.2993375589763141,0.34910868610750967,0.16444444444444445
AGN,0.906037048316946,0.8219045982871737,0.03761286953540348,0.006912319662551233,0.85,1.0,0.906037048316946,-0.381858407079646,0.2993375589763141,-0.513737976931852,0.16444444444444445
