Index,SPY,SPY,SPY,SPY,SPY,SPY,SPY,SPY,SPY,SPY,SPY
Beta_Info,Beta,Corr,Stock_Cutoff,Index_Cutoff,Percentile_Cutoff,Index_Beta_to_SPY,Beta_to_SPY,Return,Index_Return,Idio_Return,Percent_Days
Stock,,,,,,,,,,,
ABBV,1.156709561725303,0.5030441344195433,0.2627130150996786,8.135904585925235e-05,1.0,1.0,1.156709561725303,0.6743812279009966,0.2993375589763141,0.2437403423644382,0.9733333333333334
ABC,1.011711293246893,0.37548068358544434,0.23572255813614545,8.135904585925235e-05,1.0,1.0,1.011711293246893,0.05079825834542806,0.2993375589763141,-0.193457610792648,0.9733333333333334
ABT,1.0505901108843363,0.6466812767460389,0.19074318305511936,8.135904585925235e-05,1.0,1.0,1.0505901108843363,0.42299651567944263,0.2993375589763141,0.08255382151439972,0.9733333333333334
AET,0.6283401232524725,0.40040581742297493,0.21660520418222565,8.135904585925235e-05,1.0,1.0,0.6283401232524725,0.546984323797715,0.2993375589763141,0.3020813189491578,0.9733333333333334
AGN,0.9132137654400525,0.39938510426266227,0.2684072022559938,8.135904585925235e-05,1.0,1.0,0.9132137654400525,-0.381858407079646,0.2993375589763141,-0.5145583406985049,0.9733333333333334
